Gene1,Gene2,Avg_Edge_Weight,NumberOfCancerType
UQCRHL|440567,UQCRH|7388,5.0,15
ANXA2P2|304,ANXA2|302,5.1,15
EIF5AL1|143244,EIF5A|1984,4.199999999999999,14
C1QB|713,C1QA|712,4.6,15
C1QC|714,C1QB|713,4.6,15
CTAGE9|643854,CTAGE4|100128553,4.05,14
PSMD4|5710,PSMB4|5692,3.0,13
COL4A2|1284,COL4A1|1282,4.3,14
MFSD2B|388931,HMGA1|3159,2.95,12
HNRNPA1L2|144983,HNRNPA1|3178,3.7,14
POM121C|100101267,POM121|9883,3.9,15
DHRS4L2|317749,DHRS4|10901,3.8,15
MAP1LC3B2|643246,MAP1LC3B|81631,3.6,14
TCEAL6|158931,TCEAL3|85012,3.4000000000000004,12
TMEM176B|28959,TMEM176A|55365,4.1,15
NSUN5P2|260294,NSUN5P1|155400,3.3,15
C1QC|714,C1QA|712,3.5,15
NUDT5|11164,CDC123|8872,2.95,14
RPS11|6205,RPL13A|23521,3.2,14
PSME2|5721,PSME1|5720,3.1,15
RPLP2|6181,RPL27A|6157,2.9,14
RAD1|5810,DNAJC21|134218,3.0,9
RPS15|6209,RPL36|25873,2.6,13
RPS18|6222,RPS10|6204,2.8,11
SCNM1|79005,PSMD4|5710,2.5,11
SDHC|6391,NDUFS2|4720,1.85,8
VPS72|6944,PSMD4|5710,2.45,10
FAM72D|728833,FAM72B|653820,2.9,12
GIMAP5|55340,GIMAP4|55303,2.6,13
PABPC3|5042,PABPC1|26986,2.6500000000000004,14
ZNF12|7559,RBAK|57786,2.6,13
ZNF468|90333,ZNF28|7576,2.8,12
AGAP6|414189,AGAP4|119016,2.9,13
CGGBP1|8545,C3orf38|285237,2.3,11
HSPE1|3336,HSPD1|3329,2.5,12
PCID2|55795,CUL4A|8451,2.75,12
RGPD4|285190,RGPD3|653489,2.8,14
RPL23|9349,RPL19|6143,3.0,13
RPS11|6205,RPL18|6141,3.1,15
SCNM1|79005,PSMB4|5692,2.05,10
SLC25A32|81034,DCAF13|25879,2.3,11
TFIP11|24144,SRRD|402055,2.5,11
MBD1|4152,CXXC1|30827,3.0,11
PUF60|22827,HSF1|3297,2.6,9
TMEM14C|51522,TMEM14B|81853,3.1,13
TROVE2|6738,CDC73|79577,2.4,13
UBE2M|9040,TRIM28|10155,2.2,8
VPS72|6944,SCNM1|79005,2.6,11
ACOT2|10965,ACOT1|641371,3.2,14
MED1|5469,CDK12|51755,2.55,12
MTMR14|64419,ARPC4|10093,2.25,8
MYL12B|103910,MYL12A|10627,3.4,13
NAA15|80155,ABCE1|6059,2.8,13
NUBP2|10101,MRPS34|65993,2.3,11
PES1|23481,DRG1|4733,2.0,9
PUF60|22827,EXOSC4|54512,2.4,14
RAD1|5810,BRIX1|55299,2.5,9
RNASEK|440400,GABARAP|11337,2.3,13
RPL7A|6130,RPL35|11224,2.6,15
SHARPIN|81858,HSF1|3297,2.6500000000000004,14
THOC7|80145,PSMD6|9861,2.25,10
TIMM50|92609,PAF1|54623,1.9500000000000002,8
UBA1|7317,CDK16|5127,2.6,10
UBA52|7311,RPL18A|6142,2.3499999999999996,12
VPS37A|137492,CNOT7|29883,2.9,13
ZC3H3|23144,HSF1|3297,2.6,13
ZNF799|90576,ZNF443|10224,2.9,15
HLA-H|3136,HLA-A|3105,2.5,14
LSM1|27257,ASH2L|9070,2.6,11
MRPS18A|55168,MAD2L1BP|9587,2.25,10
NDUFS6|4726,MRPL36|64979,2.4,12
PARP9|83666,DTX3L|151636,3.3499999999999996,14
PCMT1|5110,KATNA1|11104,2.0,10
PGAM4|441531,PGAM1|5223,2.3,12
PPAT|5471,PAICS|10606,2.6,14
PPP2CB|5516,DCTN6|10671,2.2,13
PRPF4|9128,POLE3|54107,2.2,9
SENP3|26168,FXR2|9513,2.1500000000000004,8
SGTA|6449,NCLN|56926,1.85,8
SSNA1|8636,EDF1|8721,2.3,13
TADA3|10474,MTMR14|64419,1.9,9
TBC1D10B|26000,CD2BP2|10421,2.05,10
UBA2|10054,LSM14A|26065,2.3,11
UBE2K|3093,TMEM33|55161,2.5,9
USP19|10869,RNF123|63891,2.25,8
USP38|84640,SMARCA5|8467,2.15,8
VPS29|51699,ARPC3|10094,2.1,10
ZNF654|55279,CGGBP1|8545,2.7,11
ZNF84|7637,ZNF140|7699,2.3,11
CLEC14A|161198,CD34|947,2.2,13
COL1A2|1278,COL1A1|1277,4.1,9
CXorf36|79742,CD34|947,2.5,11
DDTL|100037417,DDT|1652,2.3,13
EIF5AL1|143244,EIF4A1|1973,2.5,11
HLA-DRA|3122,HLA-DPA1|3113,2.8,13
INTS9|55756,CCDC25|55246,2.6,9
MRPL20|55052,AURKAIP1|54998,2.25,14
MRPS18A|55168,MRPL14|64928,2.45,10
MTRR|4552,FASTKD3|79072,2.1500000000000004,8
NDUFA1|4694,COX7B|1349,2.5,14
PAF1|54623,MED29|55588,2.7,9
PCNT|5116,MCM3AP|8888,2.2,11
POLR2C|5432,CIAPIN1|57019,2.4,9
RALY|22913,CHMP4B|128866,2.0,9
RPL18|6141,RPL13A|23521,2.75,14
RPLP1|6176,RPL4|6124,2.1,12
RPS13|6207,EIF3F|8665,2.3,11
RPS16|6217,FBL|2091,2.5,11
RTN4IP1|84816,QRSL1|55278,2.0,13
SUPT5H|6829,PAF1|54623,2.35,8
SUV39H2|79723,HSPA14|51182,2.6500000000000004,10
TBRG4|9238,DDX56|54606,2.4,11
TOX4|9878,CHD8|57680,2.2,8
TYROBP|7305,FCER1G|2207,2.7,12
UBE2J2|118424,AURKAIP1|54998,2.6500000000000004,12
UCHL5|51377,CDC73|79577,2.0,9
UXT|8409,NDUFB11|54539,2.3,11
VPS35|55737,DNAJA2|10294,2.4,9
VPS72|6944,PSMB4|5692,2.1500000000000004,8
YME1L1|10730,CUL2|8453,2.1,9
YTHDF3|253943,VCPIP1|80124,2.3,10
ZNHIT1|10467,POLR2J|5439,2.2,11
ZZZ3|26009,USP33|23032,2.3499999999999996,8
ARMCX6|54470,ARMCX3|51566,1.9,9
CD3E|916,CD2|914,2.7,14
COL3A1|1281,COL1A1|1277,2.6,13
KIF2C|11004,CDC20|991,2.55,10
MAEA|10296,GAK|2580,2.1,10
MAF1|84232,HSF1|3297,2.6500000000000004,14
MRPS7|51081,MRPL38|64978,2.3,11
NUFIP1|26747,GTF2F2|2963,2.3,9
PLVAP|83483,CD34|947,1.9,8
POLDIP2|26073,ERAL1|26284,2.45,10
PSMB4|5692,MRPL9|65005,2.1,9
PSMD4|5710,MRPL9|65005,1.9,11
PSMG2|56984,NDUFV2|4729,2.3499999999999996,12
R3HCC1|203069,CHMP7|91782,2.4,12
RAE1|8480,CSTF1|1477,2.0,9
RPL3|6122,EIF3L|51386,2.55,14
RPS13|6207,RPL27A|6157,2.6,15
SETD5|55209,BRPF1|7862,1.9,9
SMU1|55234,NFX1|4799,2.3,9
SUPT4H1|6827,MRPS23|51649,2.15,8
TAF9|6880,MRPS36|92259,2.2,11
TBCB|1155,POLR2I|5438,2.5,11
TERF2IP|54386,GABARAPL2|11345,2.1,8
TPI1|7167,GAPDH|2597,2.6,14
TUBGCP3|10426,CUL4A|8451,2.6,9
TUBGCP3|10426,TFDP1|7027,2.35,8
TYROBP|7305,SPI1|6688,2.5,15
USP9X|8239,MED14|9282,2.1,8
VPS72|6944,MRPL9|65005,2.5,10
XPO7|23039,CNOT7|29883,2.1,9
ZGPAT|84619,ARFGAP1|55738,2.25,12
ZNF282|8427,ZNF212|7988,2.45,12
ZNF706|51123,YWHAZ|7534,2.4,11
BTN3A3|10384,BTN3A1|11119,2.6,15
CDH5|1003,CD34|947,2.65,12
DNAJC21|134218,BRIX1|55299,2.25,8
EIF5A|1984,EIF4A1|1973,2.2,10
GIMAP7|168537,GIMAP4|55303,2.6,15
GON4L|54856,ASH1L|55870,2.1500000000000004,12
HADHB|3032,HADHA|3030,2.3499999999999996,12
KIF14|9928,ASPM|259266,2.4,10
LARP4B|23185,GTPBP4|23560,2.25,10
MAEA|10296,CTBP1|1487,2.55,10
MRPL51|51258,MLF2|8079,2.3499999999999996,10
NDUFB10|4716,MRPS34|65993,2.2,13
NDUFB8|4714,MRPL43|84545,2.1,11
NOL10|79954,CPSF3|51692,2.2,10
NPAT|4863,CUL5|8065,2.1,9
PIBF1|10464,DIS3|22894,2.5,9
PLAA|9373,IFT74|80173,2.1,9
PQLC1|80148,CTDP1|9150,2.4,8
PSMC3|5702,NDUFS3|4722,2.3,8
RPL15|6138,RPL14|9045,2.7,15
RPL7A|6130,RPL12|6136,2.9,14
SDHD|6392,DLAT|1737,2.3,9
SMU1|55234,APTX|54840,2.45,10
TADA3|10474,ARPC4|10093,2.1500000000000004,10
TBC1D3B|414059,TBC1D3|729873,2.4,11
TIE1|7075,CDH5|1003,2.5,11
TIE1|7075,CXorf36|79742,2.3,11
TIMM17B|10245,NDUFB11|54539,2.25,10
TOX4|9878,SUPT16H|11198,2.0,11
UBE2J2|118424,RER1|11079,2.1,11
VPS28|51160,SHARPIN|81858,2.1,14
YME1L1|10730,WAC|51322,2.5,9
ZNF397|84307,ZNF24|7572,2.3,8
ZNF408|79797,ARFGAP2|84364,1.9,9
ZNF45|7596,ZNF227|7770,2.5,13
ZNF574|64763,ZNF526|116115,2.55,12
CCT7|10574,CCT4|10575,2.3,11
DCAF13|25879,ATP6V1C1|528,1.75,8
KIF20B|9585,KIF11|3832,2.4,9
LEPROTL1|23484,DCTN6|10671,2.5,12
LRRC57|255252,HAUS2|55142,2.4,11
MRPS36|92259,CDK7|1022,2.1,11
MRPS7|51081,MRPL12|6182,2.05,8
NDUFB7|4713,GADD45GIP1|90480,2.2,13
NEDD8|4738,MRPL52|122704,2.1,13
NIPBL|25836,DNAJC21|134218,1.9,8
PDAP1|11333,ARPC1A|10552,2.0,8
POLR2I|5438,COX6B1|1340,2.1,10
PRPF31|26121,HSPBP1|23640,2.3,11
PRR14|78994,FBRS|64319,2.2,9
PSMB5|5693,DAD1|1603,2.05,10
PSMC5|5705,FTSJ3|117246,2.3,11
PUF60|22827,CYC1|1537,2.4,11
RBM42|79171,POLR2I|5438,1.9,8
RNF123|63891,PTPN23|25930,2.05,10
RPA1|6117,PRPF8|10594,2.2,10
RPL8|6132,EEF1D|1936,2.7,15
RPS9|6203,RPL13A|23521,2.4,15
RPSA|3921,RPL14|9045,2.3,10
SCNM1|79005,MRPL9|65005,2.0,12
SEH1L|81929,PTPN2|5771,2.3,10
SIRT7|51547,HGS|9146,2.05,10
STUB1|10273,MRPL28|10573,1.95,10
SUPT16H|11198,CHD8|57680,2.4,11
TMEM68|137695,TCEA1|6917,2.1,11
TNRC6A|27327,RBBP6|5930,2.1500000000000004,8
TOMM22|56993,POLR2F|5435,2.1500000000000004,8
TXN2|25828,EIF3D|8664,2.3,8
TYROBP|7305,C1QB|713,1.95,10
VDAC3|7419,GOLGA7|51125,2.2,8
XRCC6|2547,PHF5A|84844,2.2,9
YIF1B|90522,PSMD8|5714,2.15,8
ZBTB45|84878,TRIM28|10155,2.25,8
ZNF324B|388569,ZNF324|25799,2.55,12
ZNF567|163081,ZNF461|92283,2.45,8
ZNF7|7553,ZNF16|7564,2.3,10
ZNF805|390980,ZNF264|9422,2.4,9
ZNF845|91664,ZNF765|91661,2.4,10
ZNHIT1|10467,BUD31|8896,2.2,12
ZZEF1|23140,ANKFY1|51479,2.0,8
BUB1B|701,ARHGAP11A|9824,1.95,10
CDH5|1003,CD93|22918,2.3,12
COPE|11316,CCDC124|115098,1.9,9
COPS6|10980,BUD31|8896,2.2,10
CXorf36|79742,CDH5|1003,2.5,11
DDX49|54555,COPE|11316,2.3,9
DYRK1A|1859,BRWD1|54014,2.3,11
EFTUD2|9343,DHX8|1659,2.2,8
ELP3|55140,CCDC25|55246,2.25,12
FAM76B|143684,CEP57|9702,2.1,9
GIMAP4|55303,GIMAP1|170575,2.0,12
GIMAP5|55340,GIMAP1|170575,2.1,10
GK3P|2713,GK|2710,2.6,12
GLUD2|2747,GLUD1|2746,2.3499999999999996,12
LSM1|27257,BRF2|55290,2.2,10
MRPL14|64928,MAD2L1BP|9587,1.95,8
MRPL38|64978,MRPL12|6182,2.1,11
MRPS16|51021,CHCHD1|118487,2.5,11
NEDD8|4738,CHMP4A|29082,2.3,9
NEDD8|4738,DAD1|1603,2.25,12
NME2|4831,NME1|4830,2.3,13
NOC2L|26155,ATAD3A|55210,2.25,12
NUDT15|55270,MED4|29079,2.1500000000000004,10
PCM1|5108,CNOT7|29883,2.2,9
POLR2J|5439,BUD31|8896,2.05,12
PPP2R5E|5529,EXOC5|10640,2.0,9
PRELID1|27166,NHP2|55651,2.3,10
PSENEN|55851,COX6B1|1340,2.1,10
PSMB6|5694,PFN1|5216,2.3,12
PSMF1|9491,NSFL1C|55968,2.3,11
PTPMT1|114971,NDUFS3|4722,2.2,9
RGPD4|285190,GCC2|9648,2.05,8
RNASE4|6038,ANG|283,2.6500000000000004,14
ROBO4|54538,CXorf36|79742,2.2,12
RPS9|6203,RPL18|6141,2.3,13
RPS9|6203,RPL28|6158,2.1,13
RPS9|6203,RPS11|6205,2.0,13
SHARPIN|81858,PUF60|22827,2.2,9
SLC25A11|8402,RNF167|26001,2.3,11
SMYD4|114826,RPA1|6117,2.05,8
SNW1|22938,ALKBH1|8846,2.25,10
SP110|3431,SP100|6672,2.2,11
STK25|10494,ATG4B|23192,2.4,11
SURF6|6838,REXO4|57109,2.0,11
TAF9|6880,CDK7|1022,2.25,8
TIE1|7075,CLEC14A|161198,2.1,11
TIMM22|29928,GLOD4|51031,2.3,9
TIMM50|92609,PSMC4|5704,1.95,8
TNKS|8658,MCPH1|79648,2.1,9
TSSC4|10078,MOB2|81532,2.1,11
USP19|10869,PTPN23|25930,2.2,10
USP34|9736,BIRC6|57448,2.0,9
YAF2|10138,PPHLN1|51535,2.2,8
ZNF250|58500,ZNF16|7564,2.0,11
ZNF45|7596,ZNF180|7733,2.2,10
ZNF45|7596,ZNF225|7768,2.5,10
ZNF706|51123,POLR2K|5440,1.9,9
C1QA|712,AIF1|199,1.9,10
CAPN10|11132,ATG4B|23192,2.0,12
CEMP1|752014,AMDHD2|51005,2.2,11
COL5A1|1289,COL1A1|1277,2.75,12
DCAF15|90379,CCDC130|81576,2.05,8
DDHD2|23259,ASH2L|9070,2.2,12
DHX38|9785,DDX19A|55308,2.1500000000000004,8
EIF3H|8667,EIF3E|3646,2.6,13
EIF3L|51386,EIF3D|8664,2.7,15
EXOSC4|54512,COMMD5|28991,2.2,13
GDI2|2665,CDC123|8872,2.0,9
GOLGA3|2802,EP400|57634,1.9,8
GPKOW|27238,CCDC22|28952,2.3,8
HLA-DRA|3122,HLA-DPB1|3115,2.9,14
HSPA9|3313,ETF1|2107,2.0,10
INTS9|55756,ELP3|55140,2.2,10
KIF11|3832,CEP55|55165,2.3,12
LSM6|11157,ANAPC10|10393,2.0,8
MAD2L1|4085,CCNA2|890,2.5,9
MLF2|8079,COPS7A|50813,2.0,12
MRPL51|51258,EMG1|10436,2.2,13
MRPS11|64963,MRPL46|26589,2.5,11
NOC2L|26155,LRRC47|57470,1.9,13
NOL12|79159,GGA1|26088,2.2,9
NSA2|10412,BTF3|689,2.4,14
NUDCD1|84955,ENY2|56943,1.95,8
PACS2|23241,BRF1|2972,2.2,13
PARP9|83666,PARP14|54625,2.25,14
PFN1|5216,EIF5A|1984,2.2,12
PHB2|11331,MRPL51|51258,2.05,8
PIN1|5300,MRPL4|51073,2.05,10
POLR1C|9533,MRPL14|64928,2.2,9
POP7|10248,BUD31|8896,2.2,9
PPP2R2A|5520,CNOT7|29883,2.1,10
PPRC1|23082,NOLC1|9221,2.2,12
PRC1|9055,KIF23|9493,1.9,9
PRKDC|5591,MCM4|4173,2.0,12
PRPF31|26121,CNOT3|4849,2.2,8
PSMD2|5708,EIF4G1|1981,2.2,10
PSMD7|5713,KARS|3735,2.1,8
RBM34|23029,GGPS1|9453,2.1500000000000004,8
RBM6|10180,RBM5|10181,2.25,10
RCOR3|55758,ANGEL2|90806,1.9,10
RPL35|11224,RPL12|6136,2.3,14
RPL35A|6165,RPL24|6152,2.2,11
RPS11|6205,RPL28|6158,2.1500000000000004,12
RPS13|6207,RPLP2|6181,2.1500000000000004,12
RPS19|6223,RPS16|6217,2.4,13
RPS3|6188,EEF1G|1937,2.5,12
RPS3A|6189,RPL10A|4736,2.2,11
RPS8|6202,RPL11|6135,2.35,12
SART1|9092,DRAP1|10589,1.85,8
SF3B3|23450,DDX19A|55308,2.2,9
SHARPIN|81858,MAF1|84232,2.7,13
SNF8|11267,PHB|5245,2.0,8
SNRPF|6636,NDUFA12|55967,2.2,11
STUB1|10273,MRPS34|65993,2.3,11
STUB1|10273,NDUFB10|4716,1.85,8
TAF4|6874,LSM14B|149986,2.3,10
TAGLN|6876,ACTA2|59,2.5,14
TBC1D10B|26000,RNF40|9810,2.3,8
TBL3|10607,NUBP2|10101,2.1,11
TCEA1|6917,LYPLA1|10434,2.2,10
TELO2|9894,NUBP2|10101,1.8,9
TIMM22|29928,PSMB6|5694,2.0,11
TM9SF4|9777,POFUT1|23509,2.0,9
TMED9|54732,LMAN2|10960,2.4,13
TMEM126B|55863,TMEM126A|84233,2.25,12
TMEM208|29100,NUTF2|10204,1.95,8
TNFAIP8L2|79626,SPI1|6688,1.9,8
TNKS|8658,CNOT7|29883,1.85,8
TRAPPC3|27095,ADPRHL2|54936,1.95,10
TSR1|55720,GEMIN4|50628,2.0,10
TYROBP|7305,AIF1|199,2.0,11
TYROBP|7305,C1QA|712,2.0,13
UBE2K|3093,PDS5A|23244,2.2,9
UPF3A|65110,CDC16|8881,2.2,9
URB2|9816,TAF5L|27097,1.95,12
VAPA|9218,NAPG|8774,1.9,9
VPS26A|9559,DDX50|79009,1.95,10
WDR5|11091,REXO4|57109,2.2,11
ZBED4|9889,BRD1|23774,2.2,11
ZC3H3|23144,SHARPIN|81858,2.2,11
ZNF230|7773,ZNF222|7673,2.05,12
ZNF230|7773,ZNF227|7770,2.1500000000000004,10
ZNF615|284370,ZNF614|80110,2.4,9
BTBD6|90135,BRF1|2972,1.85,8
COL3A1|1281,COL1A2|1278,3.0,11
COQ9|57017,CIAPIN1|57019,2.2,10
CUL4A|8451,CDC16|8881,2.1,10
DCTN6|10671,CCDC25|55246,1.9,8
EDC4|23644,ACD|65057,2.0,9
ERLIN2|11160,BRF2|55290,1.95,10
FKBP8|23770,COPE|11316,1.8,9
FXR2|9513,DVL2|1856,1.9,8
GPN2|54707,GPATCH3|63906,2.0,11
GPS1|2873,ANAPC11|51529,2.4,13
HEATR5B|54497,BIRC6|57448,1.95,10
HLA-DRA|3122,CD74|972,2.75,14
INTS9|55756,CHMP7|91782,1.8,9
KIF2C|11004,CDCA8|55143,2.2,12
MCPH1|79648,CNOT7|29883,1.9,11
MRPL12|6182,ANAPC11|51529,2.0,11
MRPL13|28998,ENY2|56943,2.1,11
MRPS17|51373,CCT6A|908,2.1,9
MRPS27|23107,BTF3|689,2.25,10
MRPS36|92259,COX7C|1350,2.0,13
MTA1|9112,BRF1|2972,2.0,12
MVK|4598,MMAB|326625,2.1,11
NDUFA11|126328,CLPP|8192,2.1,10
NDUFA2|4695,MRPL22|29093,2.1,10
NDUFB10|4716,GFER|2671,1.95,8
NGDN|25983,C14orf119|55017,1.7999999999999998,8
NKAP|79576,MCTS1|28985,1.95,8
NOMO3|408050,NOMO1|23420,1.8,10
PARK7|11315,MRPL20|55052,2.1,8
PDAP1|11333,BUD31|8896,2.1,9
PFN1|5216,EIF5AL1|143244,2.1,10
POLR1C|9533,MAD2L1BP|9587,2.1,9
POLR1D|51082,MTIF3|219402,2.05,8
PPIA|5478,MRPS24|64951,2.1,9
PPIG|9360,CWC22|57703,1.95,10
PQBP1|10084,NDUFB11|54539,1.7000000000000002,8
PSMB7|5695,EDF1|8721,2.05,8
PSMB9|5698,PSMB8|5696,2.5,15
PSMD8|5714,EIF3K|27335,2.3,9
PTPN2|5771,PSMG2|56984,2.1,11
ROBO4|54538,CD34|947,2.1,9
RPL27A|6157,EIF3F|8665,2.2,12
RPL28|6158,RPL18|6141,2.6500000000000004,14
RPL3|6122,RPL10A|4736,2.1,12
RPL36|25873,RPL18A|6142,2.2,8
RPP21|79897,CSNK2B|1460,1.9,9
RSL24D1|51187,COPS2|9318,2.1,11
SAP18|10284,POMP|51371,2.0,10
SAP30BP|29115,MRPL38|64978,2.05,8
SEH1L|81929,PSMG2|56984,2.1500000000000004,10
SF3B2|10992,SART1|9092,2.05,8
SMARCA5|8467,NAA15|80155,2.0,11
SRCAP|10847,FBRS|64319,2.1,9
STK25|10494,CAPN10|11132,2.0,9
TAF1C|9013,CDK10|8558,1.95,10
TARBP2|6895,MCRS1|10445,2.1,8
TBP|6908,PDCD2|5134,2.1,9
TCP1|6950,MRPL18|29074,2.7,13
TCP1|6950,PDCD2|5134,1.9,10
TLK2|11011,MED13|9969,1.95,8
TMEM11|8834,DHRS7B|25979,2.2,10
TNIP2|79155,CTBP1|1487,2.1,9
TOMM5|401505,EXOSC3|51010,2.4,11
TTC1|7265,MED7|9443,2.1,9
TYROBP|7305,C1QC|714,1.9500000000000002,10
U2AF1|7307,RRP1|8568,2.1500000000000004,10
UBE2D3|7323,EIF4E|1977,2.1,8
UBE2J2|118424,MRPL20|55052,2.1,9
UBE2N|7334,MRPL42|28977,2.1,11
UFM1|51569,COG6|57511,2.05,12
UQCR11|10975,TIMM13|26517,1.95,8
VPS28|51160,HSF1|3297,2.0,10
VPS4B|9525,NARS|4677,1.9500000000000002,8
WDR75|84128,PMS1|5378,1.9,9
ZNF227|7770,ZNF225|7768,2.1500000000000004,10
ZNF230|7773,ZNF225|7768,2.1,11
ZNF302|55900,ZNF181|339318,2.3,12
ZNF613|79898,ZNF350|59348,2.3,9
ATXN1L|342371,AP1G1|164,2.4,9
BAG4|9530,ASH2L|9070,2.1,8
BRF1|2972,AKT1|207,2.0,9
C12orf10|60314,AAAS|8086,2.2,10
CHMP7|91782,CCDC25|55246,1.7,9
CLPP|8192,ALKBH7|84266,1.95,10
COL6A2|1292,COL6A1|1291,2.6500000000000004,12
EDC4|23644,DHX38|9785,2.3,11
ELAC2|60528,COX10|1352,1.95,10
EXOSC8|11340,ALG5|29880,1.9,8
FANCI|55215,BLM|641,2.1,8
FBXL6|26233,ADCK5|203054,2.05,14
GADD45GIP1|90480,C19orf53|28974,2.3,11
GGTLC2|91227,GGT1|2678,3.3,15
HELZ|9931,BPTF|2186,2.4,10
HGS|9146,ARHGDIA|396,2.0,11
HLA-B|3106,HLA-A|3105,2.1500000000000004,12
HOOK3|84376,FNTA|2339,1.9,8
HSF1|3297,CYHR1|50626,2.1,10
INTS1|26173,EIF3B|8662,1.8,9
INTS10|55174,CCDC25|55246,1.7999999999999998,8
INTS10|55174,CNOT7|29883,2.1500000000000004,10
KRIT1|889,ANKIB1|54467,2.2,13
LUM|4060,DCN|1634,2.45,8
MED26|9441,CHERP|10523,2.15,8
MRPL2|51069,KLHDC3|116138,2.0,9
MRPL4|51073,EIF3G|8666,1.95,8
MRPL55|128308,GUK1|2987,1.8,11
MRPS34|65993,MRPL28|10573,2.0,10
NCAPH2|29781,LMF2|91289,2.05,10
NDUFB7|4713,C19orf53|28974,2.0,11
NDUFV2|4729,MYL12B|103910,2.0,9
NEDD8|4738,C14orf119|55017,2.0,10
NPAT|4863,ATM|472,2.05,8
NUBP2|10101,MLST8|64223,2.1,13
NUS1|116150,GOPC|57120,1.9,8
NUSAP1|51203,BUB1B|701,2.4,10
PCDH12|51294,CD93|22918,1.8,8
PDAP1|11333,GNB2|2783,1.8,11
PLK4|10733,CCNA2|890,1.9,8
POLR1C|9533,BYSL|705,2.3,13
POLR1C|9533,MRPL2|51069,2.2,11
PPP1CA|5499,CORO1B|57175,2.0,8
PRMT5|10419,IPO4|79711,1.9,9
PSMA2|5683,MRPS24|64951,1.85,8
PSMB5|5693,NEDD8|4738,2.1,13
PSMB7|5695,NDUFA8|4702,2.2,11
PTCD2|79810,MRPS27|23107,1.8,8
RHOT2|89941,E4F1|1877,2.3,11
RNF115|27246,POLR3C|10623,2.0,9
RPL22|6146,RPL11|6135,2.5,11
RPL28|6158,RPL13A|23521,2.0,12
RPS10|6204,RPL10A|4736,2.1,12
RPS18|6222,RPS14|6208,1.9,8
RPS23|6228,RPS14|6208,2.1,12
RPS6KB2|6199,PPP1CA|5499,2.2,9
RPS8|6202,RPL5|6125,2.8499999999999996,14
RPSA|3921,RPL15|6138,1.9,11
RRP1|8568,PWP2|5822,2.3,11
RUVBL2|10856,PRMT1|3276,2.2,10
SCAF1|58506,MED25|81857,2.1,11
SCAF1|58506,PRR12|57479,2.55,12
SEH1L|81929,CEP76|79959,1.9,8
SGTA|6449,MAP2K2|5605,1.85,8
SHARPIN|81858,FBXL6|26233,1.95,8
SNRNP25|79622,POLR3K|51728,2.1500000000000004,10
SPG7|6687,CDK10|8558,2.0,9
SPRN|503542,MTG1|92170,2.0,9
TELO2|9894,RHOT2|89941,2.1,10
THAP4|51078,STK25|10494,1.9,9
TIE1|7075,BCL6B|255877,1.9,8
TIE1|7075,PCDH12|51294,2.1,9
TIMM13|26517,LSM7|51690,1.85,10
TMED9|54732,B4GALT7|11285,1.85,10
TMUB1|83590,FASTK|10922,2.1,12
TPI1|7167,MRPL51|51258,2.1,9
TRAPPC1|58485,GABARAP|11337,2.2,13
TRAPPC3|27095,LSM10|84967,2.1,12
TUBGCP6|85378,CHKB-CPT1B|386593,1.85,8
TXN2|25828,TOMM22|56993,2.2,11
UBE2J2|118424,NOC2L|26155,1.95,10
UBE2V2|7336,TCEA1|6917,1.8,8
UQCRQ|27089,NDUFA2|4695,2.4,13
URM1|81605,DPM2|8818,2.0,9
USP5|8078,TPI1|7167,1.9,9
VCP|7415,STOML2|30968,1.85,8
VPS28|51160,CYHR1|50626,2.0,10
WBP4|11193,MRPS31|10240,2.2,9
WIZ|58525,CHERP|10523,2.2,9
XPO5|57510,RPL7L1|285855,2.1500000000000004,8
XPO7|23039,CHMP7|91782,1.9,9
YEATS4|8089,CCT2|10576,2.3,8
ZDHHC16|84287,EXOSC1|51013,2.0,8
ZER1|10444,USP20|10868,1.95,8
ZMYM6|9204,ZMYM1|79830,2.1500000000000004,10
ZNF146|7705,LSM14A|26065,2.0,9
ZNF230|7773,ZNF226|7769,2.05,8
ZNF384|171017,ATN1|1822,2.1,13
ZNF444|55311,FIZ1|84922,2.0,10
ZNF45|7596,ZNF230|7773,2.1500000000000004,10
ZNF687|57592,PI4KB|5298,2.1,9
ZNF7|7553,ZNF250|58500,2.2,11
ZNF787|126208,EPN1|29924,2.0,8
ZNF787|126208,ZNF444|55311,1.9,9
BRF2|55290,ASH2L|9070,2.0,11
CENPF|1063,ASPM|259266,2.05,12
COL6A3|1293,COL5A1|1289,2.15,8
CPSF1|29894,ADCK5|203054,1.8,11
CXorf36|79742,CLEC14A|161198,1.9,10
DAD1|1603,C14orf119|55017,1.9,12
DDX49|54555,CCDC124|115098,1.9,8
DHX16|8449,ABCF1|23,2.4,8
DRAM2|128338,CEPT1|10390,2.2,11
EDC4|23644,E2F4|1874,1.8,10
EIF4A1|1973,C1QBP|708,2.1500000000000004,10
FAM76B|143684,ANKRD49|54851,1.85,8
FNIP1|96459,AFF4|27125,1.85,8
FRAT2|23401,FRAT1|10023,1.8,9
GIMAP7|168537,GIMAP5|55340,2.6500000000000004,10
GOLGA6L9|440295,GOLGA6L10|647042,2.1,13
GOLGA7|51125,FNTA|2339,2.0,8
GPS1|2873,CCDC137|339230,1.8,9
HLA-DPA1|3113,CD74|972,2.2,12
HLA-DRA|3122,HLA-DMB|3109,3.1500000000000004,10
HSPA14|51182,CDC123|8872,2.05,8
IDH3G|3421,EMD|2010,1.9,8
IK|3550,HARS|3035,2.2,8
KRIT1|889,DMTF1|9988,1.9,8
LST1|7940,AIF1|199,2.3499999999999996,14
MAF1|84232,EXOSC4|54512,2.1,9
MAPK7|5598,EPN2|22905,1.7999999999999998,8
MED4|29079,GTF2F2|2963,2.2,11
MKI67|4288,KIF11|3832,1.9,9
MORC3|23515,DYRK1A|1859,1.85,8
MRPL2|51069,MEA1|4201,2.05,10
MRPL2|51069,MRPL14|64928,1.9,11
MRPL39|54148,CCT8|10694,2.2,11
MRPL52|122704,DAD1|1603,2.0,10
MRPS18A|55168,MRPL2|51069,2.3,12
MS4A6A|64231,AIF1|199,2.2,13
NAA10|8260,FAM50A|9130,1.7999999999999998,8
NAA30|122830,EXOC5|10640,2.3,9
NCAPH|23397,BUB1|699,1.9,9
NDUFA9|4704,MRPL51|51258,2.0,11
NDUFB10|4716,MRPL28|10573,1.85,8
NDUFB4|4710,COX17|10063,2.0,9
NDUFB6|4712,APTX|54840,1.9,9
NDUFB7|4713,NDUFA11|126328,2.4,11
NHP2|55651,DDX41|51428,1.75,8
NOB1|28987,KARS|3735,1.7,9
NOL6|65083,NFX1|4799,2.0,8
NUP88|4927,C1QBP|708,2.1,9
PAFAH1B1|5048,ANKFY1|51479,2.05,10
PARP14|54625,DTX3L|151636,2.25,14
PBK|55872,ESCO2|157570,2.3,9
PCDH12|51294,CXorf36|79742,1.9,9
PDAP1|11333,COPS6|10980,1.9,11
PDAP1|11333,CPSF4|10898,2.1,9
POLL|27343,MRPL43|84545,1.8,9
POLR3D|661,CHMP7|91782,1.9,9
PPP2R2A|5520,KCTD9|54793,1.9,9
PPRC1|23082,PDCD11|22984,2.4,9
PSMB5|5693,MRPL52|122704,1.95,10
PSMC6|5706,PSMA3|5684,1.95,12
PSMG2|56984,MYL12B|103910,1.9,9
R3HCC1|203069,BIN3|55909,1.9,10
RAD23A|5886,GADD45GIP1|90480,1.95,8
RECQL5|9400,GGA3|23163,1.85,8
RER1|11079,AURKAIP1|54998,1.9,11
RFNG|5986,GPS1|2873,2.05,10
RPF1|80135,GNG5|2787,2.1,8
RPLP1|6176,RPLP0|6175,2.0,9
RPLP2|6181,EIF3F|8665,1.95,10
RPS18|6222,RPL10A|4736,2.45,10
RPS2|6187,RPL12|6136,1.95,10
RPS5|6193,RPS11|6205,2.3,11
RPS9|6203,RPL18A|6142,2.1,10
RRP12|23223,PPRC1|23082,2.1,9
RRP1B|23076,PWP2|5822,2.1500000000000004,8
SAFB2|9667,SAFB|6294,2.3,11
SAR1B|51128,PPP2CA|5515,1.8,10
SCAF1|58506,AP2A1|160,2.0,9
SDHC|6391,PEX19|5824,2.05,8
SEC61B|10952,ALG2|85365,1.8,10
SGTA|6449,MBD3|53615,1.8,11
SHARPIN|81858,COMMD5|28991,1.9,10
SHARPIN|81858,CYHR1|50626,2.1,13
SLC2A3|6515,SLC2A14|144195,2.55,8
SMAD5|4090,C5orf24|134553,1.9,9
SMU1|55234,DCAF12|25853,2.0,9
SNAPC4|6621,ANAPC2|29882,2.1,10
SRCAP|10847,SETD1A|9739,2.2,11
STK35|140901,MAVS|57506,2.05,10
STOML2|30968,DCTN3|11258,1.95,12
STT3A|3703,ARCN1|372,2.0,8
STUB1|10273,NUBP2|10101,2.1500000000000004,8
TACO1|51204,MRPS7|51081,2.15,8
TAF10|6881,MRPL17|63875,2.3,9
TAP2|6891,TAP1|6890,2.2,13
TATDN1|83940,EIF3H|8667,2.2,11
TBC1D10B|26000,FBRS|64319,2.2,9
TBC1D10B|26000,PRR14|78994,2.0999999999999996,8
TCP1|6950,PCMT1|5110,2.1,8
TELO2|9894,TBL3|10607,1.8,9
TNPO3|23534,NUP205|23165,1.9,9
TOMM6|100188893,MRPL2|51069,1.9,8
TRAPPC1|58485,PFN1|5216,2.1500000000000004,10
TRAPPC2L|51693,APRT|353,2.1,9
TRAPPC2L|51693,COX4I1|1327,1.95,12
TRAPPC5|126003,NDUFA11|126328,2.0,8
TRMT112|51504,BANF1|8815,1.95,8
TRMT61A|115708,BRF1|2972,2.0,9
TRPT1|83707,NUDT22|84304,1.9,8
TSFM|10102,METTL1|4234,2.3,8
TXNL1|9352,NARS|4677,2.0,9
UBAP1|51271,DCAF12|25853,2.1,9
UBE2W|55284,STAU2|27067,2.1,11
UHRF2|115426,RANBP6|26953,2.05,8
UMPS|7372,RUVBL1|8607,1.95,10
UQCR11|10975,NDUFA11|126328,1.9,8
UQCRB|7381,RPL30|6156,2.1500000000000004,12
USP19|10869,DHX30|22907,2.2,13
USP5|8078,MLF2|8079,2.2,8
USP8|9101,TRPM7|54822,2.25,8
UTP23|84294,RAD21|5885,2.1,12
VDAC3|7419,FNTA|2339,2.0,9
VPS28|51160,PUF60|22827,2.2,11
WIZ|58525,BRD4|23476,2.2,10
XPO5|57510,PPP2R5D|5528,2.0,8
XRCC6|2547,ADSL|158,2.4,10
YIPF3|25844,MRPS18A|55168,1.9,10
YWHAE|7531,TIMM22|29928,2.1,8
ZGPAT|84619,ADRM1|11047,2.0,9
ZNF227|7770,ZNF226|7769,2.1500000000000004,10
ZNF24|7572,RPRD1A|55197,1.9,8
ZNF414|84330,RAB11B|9230,2.2,10
ZNF527|84503,ZNF383|163087,2.1500000000000004,8
ZNF581|51545,RPL28|6158,1.9,11
ZNF598|90850,AXIN1|8312,1.9,9
ZNF615|284370,ZNF350|59348,2.0,9
ZNF646|9726,SETD1A|9739,2.3,10
ZNF646|9726,SRCAP|10847,2.2,11
ZNF84|7637,ZNF26|7574,2.1,9
AP2M1|1173,ABCF3|55324,2.2,9
CD93|22918,CD34|947,1.8,8
CNOT7|29883,CCDC25|55246,1.95,10
DDHD2|23259,BAG4|9530,1.75,8
DOHH|83475,DAPK3|1613,1.85,8
DRG2|1819,ATPAF2|91647,2.15,10
EHMT1|79813,BRD3|8019,1.9,10
EIF3J|8669,COPS2|9318,1.9,8
ELOF1|84337,C19orf53|28974,1.8,11
EXO1|9156,DTL|51514,1.9,10
FKBP8|23770,CCDC124|115098,1.8,11
GTPBP4|23560,CDC123|8872,2.05,10
HGS|9146,GPS1|2873,2.0,9
HLA-C|3107,HLA-B|3106,2.1,13
HSPA1B|3304,HSPA1A|3303,3.1,14
IARS2|55699,EPRS|2058,1.75,8
IER3IP1|51124,C18orf32|497661,2.2,13
JKAMP|51528,ACTR10|55860,2.1,9
KIF2A|3796,IPO11|51194,2.0999999999999996,8
KRIT1|889,GATAD1|57798,2.3,13
LSM2|57819,CSNK2B|1460,1.9,10
MAF1|84232,CYC1|1537,1.9,8
METTL1|4234,CDK4|1019,2.1,9
MORC3|23515,BRWD1|54014,1.9,9
MPDU1|9526,GABARAP|11337,1.75,8
MRFAP1L1|114932,MRFAP1|93621,2.7,9
MRPL12|6182,GPS1|2873,1.8,12
MRPL14|64928,MEA1|4201,2.0,8
MRPL18|29074,GTF2H5|404672,1.8,9
MRPL51|51258,COPS7A|50813,1.8,8
MRPL52|122704,C14orf119|55017,1.8,10
NDOR1|27158,ANAPC2|29882,2.1500000000000004,8
NDUFB5|4711,MRPL47|57129,2.1,10
NDUFB8|4714,EXOSC1|51013,1.95,8
NGDN|25983,NEDD8|4738,2.1,12
NOC2L|26155,AURKAIP1|54998,1.9,8
NUDC|10726,GPATCH3|63906,1.8,10
NUFIP1|26747,MED4|29079,1.8,9
PDCD11|22984,NOLC1|9221,2.0,11
PFDN6|10471,CSNK2B|1460,1.9,8
PMPCA|23203,MRPS2|51116,1.9,9
PRPF8|10594,GEMIN4|50628,1.9,9
PSMA3|5684,ERH|2079,2.0,9
PSMB1|5689,MRPL18|29074,2.1,9
PSMB1|5689,PDCD2|5134,2.1,11
PSMB7|5695,MED27|9442,1.75,8
PSME3|10197,EFTUD2|9343,1.85,8
PUF60|22827,COMMD5|28991,2.55,12
PWP1|11137,NUP37|79023,1.8,9
PWP2|5822,MCM3AP|8888,1.85,8
RAB18|22931,ABI1|10006,2.0,9
RARS|5917,NPM1|4869,1.85,10
RBX1|9978,NDUFA6|4700,2.1,10
ROBO4|54538,CDH5|1003,2.3,12
RPL29|6159,RPL14|9045,2.6,15
RPL3|6122,RPL13A|23521,1.8,11
RPP38|10557,CDC123|8872,2.1,9
RPS14|6208,RPL7A|6130,1.9500000000000002,8
RPS16|6217,EIF3K|27335,2.0,10
RPS23|6228,BTF3|689,2.2,13
RPS23|6228,RPS13|6207,1.95,10
RPS29|6235,RPL36AL|6166,1.9,11
RPS29|6235,RPL41|6171,1.95,8
RPS5|6193,RPL13A|23521,2.3,14
RPS8|6202,RPL4|6124,1.8,9
RPUSD1|113000,NUBP2|10101,1.85,10
RRP12|23223,PDCD11|22984,2.05,10
RRP1B|23076,RRP1|8568,1.8,9
RUVBL2|10856,GRWD1|83743,1.95,10
RUVBL2|10856,HSPBP1|23640,2.1,11
SCAF1|58506,EPN1|29924,1.95,12
SEC61B|10952,ERP44|23071,1.9,9
SENP3|26168,DVL2|1856,1.85,8
SNRPD2|6633,RPS11|6205,2.1,11
SPHAR|10638,RAB4A|5867,2.2,12
SPSB3|90864,E4F1|1877,2.0,10
SRP72|6731,PPAT|5471,2.0,9
SRP9|6726,H3F3A|3020,2.0,9
SSU72|29101,AURKAIP1|54998,1.75,8
STOML2|30968,CLTA|1211,1.9,9
STOML2|30968,FANCG|2189,2.05,8
STRAP|11171,DDX47|51202,2.1500000000000004,8
TAF6|6878,COPS6|10980,2.0,9
TAP1|6890,PSMB9|5698,2.5,14
TBCA|6902,MRPS36|92259,1.85,8
TCF20|6942,EP300|2033,2.0,10
TIE1|7075,FLT4|2324,2.1,8
TIMM13|26517,PLEKHJ1|55111,1.9,8
TM9SF1|10548,GMPR2|51292,1.9,8
TMEM126B|55863,EED|8726,1.85,8
TOMM22|56993,EIF3D|8664,1.8,8
TPP2|7174,ERCC5|2073,2.0,9
TPSB2|64499,TPSAB1|7177,1.8,10
TRAP1|10131,DNAJA3|9093,1.85,8
TRAPPC1|58485,EIF5A|1984,1.95,8
UBA52|7311,RPL36|25873,2.1500000000000004,8
UFM1|51569,COG3|83548,2.0,10
URB2|9816,HEATR1|55127,1.9,9
USP16|10600,GABPA|2551,1.95,8
VCPIP1|80124,ARFGEF1|10565,2.0,10
VPS37A|137492,KCTD9|54793,2.1,11
VPS72|6944,SF3B4|10262,2.3,9
WBP11|51729,DDX47|51202,2.0,11
XPO7|23039,TNKS|8658,2.25,10
YARS2|51067,DNM1L|10059,2.0,8
YTHDF3|253943,ARMC1|55156,2.0,9
ZFPL1|7542,SSSCA1|10534,1.8,8
ZMAT2|153527,IK|3550,1.95,8
ZMYM5|9205,ZMYM2|7750,2.0,9
ZMYND19|116225,SSNA1|8636,1.8,8
ZNF324B|388569,ZBTB45|84878,1.8,8
ZNF384|171017,NOP2|4839,1.9,9
ZNF517|340385,LRRC14|9684,1.8,9
ZNF707|286075,ZNF696|79943,2.05,10
ZNF75A|7627,TIGD7|91151,2.0,8
ZNF787|126208,ZNF628|89887,1.8,9
ZNF823|55552,ZNF799|90576,1.8,9
ZNRD1|30834,RPP21|79897,1.8,8
ZSCAN21|7589,ZNF3|7551,2.1,9
ATP6V1F|9296,ARF5|381,1.9,9
BUD31|8896,ARPC1A|10552,1.9,8
CDC16|8881,ARHGEF7|8874,1.9,8
CDCA8|55143,CDC20|991,2.1500000000000004,10
CHMP7|91782,BIN3|55909,1.9,10
CKAP2L|150468,BUB1|699,2.2,9
COG6|57511,COG3|83548,1.9,10
COL5A1|1289,COL1A2|1278,2.9,9
ECE2|9718,ALG3|10195,1.95,8
EIF2B5|8893,ABCF3|55324,2.3,9
ERH|2079,COX16|51241,2.0,11
ERLIN2|11160,ASH2L|9070,2.0,11
EVI2B|2124,EVI2A|2123,2.2,11
FAM192A|80011,CIAPIN1|57019,1.9,8
FBL|2091,EIF3K|27335,1.7,9
FBRS|64319,ATXN2L|11273,1.75,8
FBXL3|26224,CLN5|1203,1.8,8
FCGR1B|2210,FCGR1A|2209,2.9,13
GAK|2580,DGKQ|1609,1.85,10
GOT2|2806,COQ9|57017,1.8,8
GPS1|2873,DUS1L|64118,2.2,12
GTF2E2|2961,DCTN6|10671,2.1,10
HELQ|113510,COPS4|51138,1.9,8
HIST2H2BE|8349,HIST2H2AA3|8337,1.75,12
HLA-DPA1|3113,HLA-DMB|3109,2.0,9
HLA-DPB1|3115,HLA-DMB|3109,1.9,9
HSF1|3297,CPSF1|29894,1.75,8
IER3IP1|51124,HDHD2|84064,1.75,8
KDR|3791,CDH5|1003,1.75,8
KIN|22944,CDC123|8872,1.75,8
LEPROTL1|23484,GTF2E2|2961,1.8,9
LRRC14|9684,CPSF1|29894,1.9,8
LTB4R2|56413,LTB4R|1241,2.2,14
MAF1|84232,CYHR1|50626,2.1500000000000004,12
MEA1|4201,KLHDC3|116138,2.0,9
MED13|9969,BPTF|2186,1.85,8
MED6|10001,ALKBH1|8846,1.9,11
MED6|10001,ERH|2079,2.0,9
MRFAP1|93621,GRPEL1|80273,2.1,8
MRPL38|64978,GPS1|2873,2.0,10
MRPS12|6183,EIF3K|27335,1.9,11
MRPS34|65993,MLST8|64223,1.9,10
MS4A6A|64231,C1QB|713,1.9,9
MS4A6A|64231,C1QC|714,1.9,10
MTFR1|9650,ARMC1|55156,2.2,12
NDUFA11|126328,MRPL54|116541,1.7,9
NDUFA12|55967,COX6A1|1337,2.25,10
NDUFA13|51079,COPE|11316,1.9,10
NDUFV1|4723,NDUFS8|4728,1.75,8
NEDD8|4738,GMPR2|51292,1.75,8
NUS1|116150,CCNC|892,1.85,12
OSGIN2|734,NBN|4683,1.7,9
PACS2|23241,AKT1|207,1.8,9
PMPCB|9512,FAM185A|222234,1.75,8
POLR2J|5439,ALKBH4|54784,1.85,8
POLR2K|5440,COX6C|1345,2.0,8
PPM1A|5494,EXOC5|10640,1.7,9
PRC1|9055,FANCI|55215,2.4,9
PRKRIP1|79706,ALKBH4|54784,2.1,9
RABEP1|9135,PAFAH1B1|5048,1.8,8
RGPD3|653489,RANBP2|5903,1.7,9
RNASEH2A|10535,ASF1B|55723,1.7,8
RNF170|81790,FNTA|2339,1.9,10
RPAP2|79871,GLMN|11146,2.0,11
RPL29|6159,RPL15|6138,2.3499999999999996,14
RPL3|6122,EIF3D|8664,2.3,13
RPL35|11224,RPL18|6141,1.8,8
RPL4|6124,RPL14|9045,1.9,9
RPS12|6206,EEF1A1|1915,1.9,10
RPS16|6217,RPS11|6205,2.5,12
RPS23|6228,COX7C|1350,1.7,8
RPS4X|6191,IGBP1|3476,1.8,9
RPS9|6203,RPS5|6193,2.25,12
RRP1B|23076,MCM3AP|8888,1.75,8
RSBN1|54665,HIPK1|204851,1.75,8
RSC1A1|6248,DDI2|84301,2.2,11
SASH3|54440,NCKAP1L|3071,1.9,10
SCAF1|58506,CNOT3|4849,1.8,8
SDF4|51150,KIAA2013|90231,1.75,8
SEC24A|10802,PRRC1|133619,1.8,13
SETD1A|9739,FBRS|64319,2.4,10
SHARPIN|81858,EXOSC4|54512,1.9,11
SIKE1|80143,NRAS|4893,1.9,8
SMAD2|4087,C18orf25|147339,2.0,9
SMCHD1|23347,METTL4|64863,1.9,9
SNRPB|6628,MRPS26|64949,2.2,8
SNRPC|6631,CSNK2B|1460,2.0,11
SNRPC|6631,LSM2|57819,2.1,10
SOCS4|122809,EXOC5|10640,1.9,11
SPSB3|90864,NUBP2|10101,1.9,9
SRA1|10011,NDUFA2|4695,2.1,11
SRP68|6730,SAP30BP|29115,2.05,8
SSU72|29101,MRPL20|55052,2.1,11
STK11|6794,CSNK1G2|1455,1.8,9
STT3A|3703,DPAGT1|1798,1.9,10
STUB1|10273,MPG|4350,1.8,9
TAF4|6874,DIDO1|11083,2.2,9
TCEAL4|79921,TCEAL3|85012,2.3,11
TIE1|7075,ROBO4|54538,2.0,8
TOP3A|7156,SMCR8|140775,2.0,11
TOR1B|27348,TOR1A|1861,1.75,8
TOX4|9878,PRMT5|10419,1.95,8
TRAPPC2|6399,OFD1|8481,1.9,8
TRMT112|51504,FAU|2197,1.8,9
TRMT5|57570,TIMM9|26520,1.8,9
TSR1|55720,C1QBP|708,1.9,10
TST|7263,MPST|4357,2.1,11
TYROBP|7305,HAVCR2|84868,1.95,10
UBE2J2|118424,PUSL1|126789,2.0,11
UBE2J2|118424,SDF4|51150,1.95,8
UBE2N|7334,NDUFA12|55967,1.9,8
UBE2R2|54926,SMU1|55234,1.9,9
UBE2W|55284,ARMC1|55156,1.85,8
UBQLN1|29979,RAD23B|5887,1.75,10
UQCRC1|7384,APEH|327,1.9,9
WAC|51322,MTPAP|55149,1.85,8
YIPF3|25844,MAD2L1BP|9587,1.8,9
YIPF3|25844,SLC35B2|347734,1.8,9
ZC3H11A|9877,MDM4|4194,1.9,9
ZC3H3|23144,SCRIB|23513,2.05,12
ZC3H3|23144,TIGD5|84948,1.95,8
ZER1|10444,TBC1D13|54662,2.0,8
ZGPAT|84619,OGFR|11054,2.1,10
ZMYND15|84225,CXCL16|58191,2.0,13
ZNF416|55659,ZNF134|7693,1.8,10
ZNF530|348327,ZNF416|55659,1.85,8
ZNF548|147694,ZNF304|57343,2.3,8
ZNF566|84924,ZNF260|339324,2.0,10
ZNF587|84914,ZNF417|147687,2.2,11
ZNF644|84146,PKN2|5586,2.0,11
ZNF687|57592,TARS2|80222,1.9,8
AURKAIP1|54998,ATAD3A|55210,1.8,9
CCT5|22948,BRIX1|55299,1.8,10
CLK4|57396,CLK1|1195,2.0,13
COL5A1|1289,COL3A1|1281,2.3499999999999996,10
COMMD3|23412,BMI1|648,1.7,8
CUL4A|8451,ARHGEF7|8874,2.1,8
CXorf36|79742,CD93|22918,1.9,9
DOT1L|84444,CSNK1G2|1455,1.8,8
EHMT1|79813,ANAPC2|29882,1.9,9
EIF5AL1|143244,C1QBP|708,2.2,10
FCER1G|2207,AIF1|199,2.2,9
GIMAP7|168537,GIMAP6|474344,2.2,15
GMFB|2764,EXOC5|10640,2.0,12
HLA-DMB|3109,HLA-DMA|3108,2.4,11
HSF1|3297,CYC1|1537,1.95,10
IFIT3|3437,IFIT2|3433,2.5,14
JUNB|3726,IER2|9592,1.9,13
KIF14|9928,CENPF|1063,2.1,8
LETM1|3954,HTT|3064,1.7,9
LIG4|3981,ABHD13|84945,2.05,10
LIN37|55957,COX6B1|1340,1.7,8
LRCH4|4034,C7orf43|55262,1.75,8
LSM5|23658,CBX3|11335,2.2,9
MAF1|84232,COMMD5|28991,2.1,11
MICALL1|85377,C22orf23|84645,1.9500000000000002,8
MRPL15|29088,LYPLA1|10434,1.9,9
MRPL22|29093,MED7|9443,1.7,9
MRPS34|65993,GFER|2671,1.9,9
NDUFB7|4713,NDUFA13|51079,2.2,11
NEURL4|84461,FXR2|9513,1.85,8
NMT1|4836,EFTUD2|9343,2.1500000000000004,8
NOC2L|26155,DVL1|1855,1.75,12
NUBP2|10101,MRPL28|10573,1.7999999999999998,8
PACS2|23241,MTA1|9112,2.0,11
PARP1|142,NUP133|55746,1.6,8
PCDH12|51294,BCL6B|255877,2.2,11
PCDH12|51294,CD34|947,1.7,8
PHF20L1|51105,EFR3A|23167,1.7999999999999998,8
PHKB|5257,ITFG1|81533,2.0999999999999996,8
PHPT1|29085,EDF1|8721,1.9,13
PIH1D1|55011,NOSIP|51070,1.8,9
POLR2J|5439,COPS6|10980,1.9,9
PPIB|5479,PDIA3|2923,2.0,12
PPP2R2A|5520,CCDC25|55246,1.8,8
PSMA2|5683,MRPL32|64983,2.1500000000000004,12
PSMA6|5687,PSMA3|5684,1.7999999999999998,10
PSMB1|5689,DYNLT1|6993,1.85,10
PSMB6|5694,MPDU1|9526,1.95,8
PTCD1|26024,CPSF4|10898,2.1,8
PTPN23|25930,DHX30|22907,2.05,8
PUF60|22827,GPAA1|8733,1.9,11
RAD51|5888,OIP5|11339,1.85,8
RARS2|57038,CCNC|892,1.6,8
RBM18|92400,RAB14|51552,2.0,8
REXO4|57109,MED22|6837,1.7,8
RIOK1|83732,PAK1IP1|55003,2.3,12
RNF123|63891,DHX30|22907,1.8,9
RPA1|6117,GEMIN4|50628,2.0,8
RPAIN|84268,C1QBP|708,1.7,8
RPF2|84154,GTF3C6|112495,1.85,10
RPL10A|4736,EEF1A1|1915,1.9,8
RPL18|6141,RPL12|6136,1.85,8
RPL23A|6147,RPL19|6143,1.9,9
RPL6|6128,NACA|4666,2.2,11
RPL7L1|285855,CDC5L|988,2.1,8
RPRD1B|58490,RALGAPB|57148,1.95,8
RPS19|6223,RPL18|6141,2.4,15
RPS19|6223,RPS11|6205,2.05,12
RPS3|6188,RPL10A|4736,1.9500000000000002,10
RPS8|6202,RPL12|6136,1.95,10
RPS8|6202,RPS18|6222,2.0,10
RPS9|6203,RPL10A|4736,1.8,8
RPS9|6203,RPS19|6223,2.05,14
RSAD2|91543,CMPK2|129607,2.1,11
RUVBL2|10856,PRPF31|26121,1.7,10
SCO1|6341,ELAC2|60528,2.0,9
SETD1A|9739,FBXL19|54620,2.1500000000000004,8
SETD1A|9739,RNF40|9810,2.0,9
SF3B5|83443,PSMB1|5689,1.95,8
SGTA|6449,POLR2E|5434,1.85,10
SHARPIN|81858,DGAT1|8694,1.85,10
SHARPIN|81858,GPAA1|8733,1.95,10
SKP1|6500,HINT1|3094,2.0,9
SKP1|6500,PPP2CA|5515,2.05,8
SLC25A11|8402,PSMB6|5694,1.85,10
SPSB3|90864,RHOT2|89941,2.1,11
STRN|6801,ASXL2|55252,1.9,9
SYF2|25949,RPL11|6135,1.9,9
TAGLN|6876,LMOD1|25802,1.7,9
TBC1D10C|374403,ACAP1|9744,2.3,9
TBCA|6902,COX7C|1350,1.9,11
TIMM50|92609,MRPS12|6183,2.3,9
TIMM50|92609,PSMD8|5714,1.9,8
TIPRL|261726,TADA1|117143,2.1,8
TNFAIP8L2|79626,AIF1|199,1.85,10
TOMM22|56993,PHF5A|84844,2.1500000000000004,10
TOMM6|100188893,MEA1|4201,2.1500000000000004,10
TPI1|7167,MLF2|8079,1.7,8
TPI1|7167,PHB2|11331,1.7999999999999998,8
TPP2|7174,CUL4A|8451,1.95,8
TRAPPC1|58485,GPS2|2874,1.8,11
TRIM33|51592,RSBN1|54665,2.1,9
TRMT1|55621,QTRT1|81890,1.95,8
UBL5|59286,C19orf53|28974,1.9,10
UBL5|59286,NDUFA7|4701,1.8,9
UBN1|29855,PDPK1|5170,1.7999999999999998,8
UBXN1|51035,SART1|9092,1.95,8
USP20|10868,ANAPC2|29882,1.9,8
USP5|8078,COPS7A|50813,2.1,8
VDAC3|7419,POLB|5423,2.1,10
VPS13B|157680,UBR5|51366,2.1,10
VPS28|51160,COMMD5|28991,1.95,12
VTI1B|10490,ATP6V1D|51382,1.9,8
WDR24|84219,NUBP2|10101,1.7,9
WDR90|197335,RHOT2|89941,1.8,9
XPO5|57510,BYSL|705,1.8,9
ZADH2|284273,TSHZ1|10194,2.1,11
ZNF225|7768,ZNF224|7767,2.1,8
ZNF230|7773,ZNF223|7766,1.95,8
ZNF235|9310,ZNF225|7768,2.05,8
ZNF548|147694,ZNF17|7565,2.0,10
ZNF570|148268,ZNF569|148266,2.1,10
ZNF668|79759,ARMC5|79798,1.85,8
ZNF707|286075,LRRC14|9684,1.9,11
ZNF784|147808,FIZ1|84922,1.9,8
APOL2|23780,APOL1|8542,2.2,9
C3AR1|719,C1QB|713,1.65,8
CASP1|834,CARD16|114769,1.8,8
CAV2|858,CAV1|857,1.7999999999999998,8
CLEC14A|161198,CDH5|1003,1.9,11
COPS5|10987,ARMC1|55156,1.8,9
CWC15|51503,ANKRD49|54851,1.7999999999999998,8
EBNA1BP2|10969,DPH2|1802,2.0,8
EIF5A|1984,C1QBP|708,2.0,8
ESAM|90952,CXorf36|79742,2.05,8
EXOSC4|54512,CYC1|1537,1.7,10
GIMAP6|474344,GIMAP4|55303,2.5,15
GIMAP8|155038,GIMAP4|55303,2.55,14
GPR137|56834,BAD|572,1.7,9
GPS1|2873,ARHGDIA|396,1.8,9
GPS2|2874,GABARAP|11337,1.8,10
HLA-DMA|3108,CD74|972,2.4,13
HLA-DMB|3109,CD74|972,1.9,8
HLA-DPB1|3115,CD74|972,1.95,12
JTB|10899,HAX1|10456,1.9,11
KCTD9|54793,CNOT7|29883,1.7000000000000002,8
LRRC14|9684,CYHR1|50626,1.85,10
MAD2L1|4085,H2AFZ|3015,1.8,9
MCTS1|28985,C1GALT1C1|29071,1.85,8
MED13|9969,HELZ|9931,1.85,10
MED6|10001,ISCA2|122961,1.75,8
MFN2|9927,DNAJC11|55735,1.65,8
MOSPD3|64598,GNB2|2783,2.1,9
MRPL15|29088,COPS5|10987,2.0,9
MRPL4|51073,FARSA|2193,2.0,9
MRPL43|84545,CUEDC2|79004,1.7,9
MRPL55|128308,JMJD4|65094,1.6,9
MRPS18C|51023,MRPL1|65008,1.75,10
MTOR|2475,MFN2|9927,2.0,11
MYBBP1A|10514,DPH1|1801,1.75,8
NDUFA11|126328,ALKBH7|84266,1.75,8
NDUFB5|4711,DNAJC19|131118,1.9,9
NDUFB6|4712,CHMP5|51510,1.7,8
OIP5|11339,NUSAP1|51203,1.75,8
PILRB|29990,GIGYF1|64599,1.85,8
POP7|10248,POLR2J|5439,2.05,8
PPM1D|8493,APPBP2|10513,1.9,10
PPP1R16A|84988,CYHR1|50626,1.95,8
PPP2R5E|5529,EIF2S1|1965,1.65,8
PRPF8|10594,ANKFY1|51479,2.0,9
PRPSAP2|5636,COPS3|8533,1.7000000000000002,8
PSMA2|5683,LSM5|23658,1.9,10
PSMB3|5691,CISD3|284106,1.9,8
PSMB6|5694,MED11|400569,1.75,8
PSMD2|5708,ABCF3|55324,2.1,9
HLA-DPB1|3115,HLA-DPA1|3113,3.2,14
EVI2B|2124,CD53|963,2.5,10
PUF60|22827,MAF1|84232,2.1,12
SPI1|6688,FERMT3|83706,2.45,8
ESAM|90952,CD34|947,2.4,8
RPL32|6161,RPL15|6138,3.5,14
ZGPAT|84619,ARFRP1|10139,2.3,10
GIMAP8|155038,GIMAP7|168537,2.1,13
HLA-DRA|3122,HLA-DMA|3108,2.5,13
NCKAP1L|3071,CD53|963,2.1500000000000004,10
ROBO4|54538,ESAM|90952,1.9500000000000002,8
ZNF543|125919,ZNF304|57343,2.3,9
ZNF777|27153,ZNF746|155061,1.95,8
CD3D|915,CD2|914,2.1,12
CXorf36|79742,ARHGEF15|22899,1.95,12
GIMAP8|155038,GIMAP6|474344,2.7,13
LAPTM5|7805,HAVCR2|84868,2.3499999999999996,10
NCKAP1L|3071,DOCK2|1794,2.55,10
TIE1|7075,ARHGEF15|22899,2.4,9
VPS28|51160,MAF1|84232,2.1,11
MTIF3|219402,GTF3A|2971,1.8,8
SPI1|6688,MYO1F|4542,2.2,9
ZNF765|91661,ZNF761|388561,2.15,8
ZNF777|27153,ZNF282|8427,1.9,10
CYHR1|50626,COMMD5|28991,1.95,8
GIMAP8|155038,GIMAP5|55340,2.1500000000000004,10
LAPTM5|7805,CD86|942,2.2,11
MYCT1|80177,CXorf36|79742,2.2,9
OTUB1|55611,COX8A|1351,2.05,8
CD3E|916,CD3D|915,2.3,11
COL6A3|1293,COL3A1|1281,2.1,8
GTF2IRD2B|389524,GTF2IRD2|84163,2.3,9
IFI44L|10964,IFI44|10561,2.0,9
IFIT3|3437,IFIT1|3434,1.9,9
KRT8|3856,KRT18|3875,3.2,12
LAPTM5|7805,CD53|963,2.4,8
SCAP|22937,DHX30|22907,2.25,10
TOMM22|56993,ADSL|158,2.3499999999999996,10
ZNF235|9310,ZNF227|7770,2.2,8
ZNF786|136051,ZNF746|155061,2.1500000000000004,8
C1S|716,C1R|715,2.7,14
GPS1|2873,ASPSCR1|79058,2.1500000000000004,8
LAPTM5|7805,FCER1G|2207,2.2,8
GIMAP6|474344,GIMAP5|55340,2.2,9
MAPK1|5594,CRKL|1399,1.7,9
NCKAP1L|3071,LAPTM5|7805,2.1,10
RABL2B|11158,RABL2A|11159,2.2,10
SRP14|6727,SERF2|10169,2.25,8
TELO2|9894,E4F1|1877,2.1,9
TMEM147|10430,COX6B1|1340,2.2,9
TYROBP|7305,LAPTM5|7805,2.25,12
WBP4|11193,MED4|29079,1.8,9
ZBTB17|7709,PLEKHM2|23207,2.05,8
DGCR6L|85359,DGCR6|8214,2.1500000000000004,8
FIZ1|84922,CNOT3|4849,1.85,8
HLA-B|3106,B2M|567,1.75,8
LAPTM5|7805,LAIR1|3903,2.2,9
MRPS15|64960,LSM10|84967,2.0,9
MYCT1|80177,CDH5|1003,2.0,9
NUDCD1|84955,DCAF13|25879,2.05,8
POGZ|23126,GATAD2B|57459,2.05,8
RELB|5971,NFKB2|4791,2.05,8
ROBO4|54538,ARHGEF15|22899,2.1,9
RPF1|80135,GTF2B|2959,2.2,8
RPL32|6161,RPL14|9045,3.3,14
RPL32|6161,RPL29|6159,2.95,14
SCRIB|23513,HSF1|3297,1.85,8
SSBP1|6742,MRPS33|51650,2.1,11
TAF2|6873,FAM91A1|157769,2.1,8
TRAPPC3|27095,MRPS15|64960,2.05,8
TUBGCP3|10426,TPP2|7174,1.85,8
TYROBP|7305,LST1|7940,2.0,9
UQCR10|29796,NDUFA6|4700,2.3,9
DHX37|57647,DDX54|79039,2.2,11
FCER1G|2207,CD86|942,1.9,8
HLA-DPA1|3113,HLA-DMA|3108,2.0,9
MMRN2|79812,CXorf36|79742,2.15,8
RBX1|9978,PHF5A|84844,2.25,8
SPAG7|9552,MED11|400569,1.95,10
TOMM22|56993,DRG1|4733,2.0,9
WAS|7454,SPI1|6688,2.2,9
ZGPAT|84619,PRPF6|24148,2.0,8
FOXK1|221937,FBXL18|80028,1.85,8
GAK|2580,CTBP1|1487,2.2,9
GIMAP6|474344,GIMAP1|170575,2.1,9
KDM5A|5927,ERC1|23085,1.9,8
MMRN2|79812,CD34|947,2.1,8
MMRN2|79812,CDH5|1003,2.1500000000000004,10
NSFL1C|55968,IDH3B|3420,1.9,8
PICK1|9463,GGA1|26088,2.05,8
PTPRC|5788,IKZF1|10320,2.0,8
RPS17|6218,RPL4|6124,2.1,9
RPS20|6224,RPL30|6156,2.45,12
RPS23|6228,NSA2|10412,1.9,10
SSR3|6747,SLC33A1|9197,1.9,11
TAP1|6890,PSMB8|5696,2.35,14
TMEM129|92305,CTBP1|1487,2.0,8
UBE4B|10277,MTOR|2475,1.9,8
WAS|7454,MYO1F|4542,2.3,8
ZNF696|79943,ZNF517|340385,1.9,8
CD34|947,ARHGEF15|22899,2.3,8
CLEC14A|161198,ARHGEF15|22899,1.95,8
EVI2A|2123,CD53|963,1.95,8
FASTK|10922,ABCB8|11194,1.95,10
FBXL19|54620,FBRS|64319,1.8,9
FUK|197258,COG4|25839,1.85,8
HLA-F|3134,HLA-B|3106,2.25,10
HLA-F|3134,HLA-E|3133,1.8,9
MRPS15|64960,EIF3I|8668,1.85,8
PABPN1|8106,ACIN1|22985,1.8,8
POLR2K|5440,DCAF13|25879,1.8,9
QARS|5859,IMPDH2|3615,2.0,9
RNF14|9604,NDFIP1|80762,1.9,8
RPL32|6161,RPL24|6152,2.4,12
RPL5|6125,RPL11|6135,2.15,8
RPL6|6128,RPL32|6161,1.7,10
RPL7A|6130,RPL29|6159,1.9,9
RPS6|6194,RPL12|6136,2.2,8
RRP9|9136,IFRD2|7866,1.9,8
TOMM6|100188893,POLR1C|9533,1.8,9
TXNL1|9352,IER3IP1|51124,1.85,8
USP19|10869,SCAP|22937,1.85,8
VEZT|55591,FGD6|55785,1.95,8
ASCC2|84164,AP1B1|162,1.85,8
CDH5|1003,ARHGEF15|22899,1.7999999999999998,10
DICER1|23405,BTBD7|55727,1.75,10
EIF3D|8664,ADSL|158,2.0,8
HLA-E|3133,HLA-B|3106,1.8,9
LMF2|91289,ALG12|79087,1.95,10
MIB2|142678,DVL1|1855,1.75,8
MMRN2|79812,CLEC14A|161198,2.4,9
NACA|4666,HNRNPA1|3178,1.9,9
OXER1|165140,HAAO|23498,1.65,8
PARP2|10038,NGDN|25983,1.75,8
PEX1|5189,KRIT1|889,2.2,9
PFAS|5198,MYBBP1A|10514,1.9,10
PPM1A|5494,NAA30|122830,1.85,8
PSMD8|5714,MRPS12|6183,2.15,10
PUS1|80324,DHX37|57647,1.7999999999999998,8
RAD51|5888,BUB1B|701,1.85,8
RPL29|6159,RPL12|6136,1.8,8
RPL29|6159,RPL24|6152,2.0,9
RPL32|6161,RPL12|6136,1.75,10
RPL5|6125,RPL4|6124,2.05,8
RPL6|6128,RPL15|6138,1.85,8
RPLP0|6175,RPL6|6128,2.0,13
RPRD2|23248,GATAD2B|57459,2.1,8
RPS27A|6233,RPL31|6160,1.8,8
RPSA|3921,RPL32|6161,2.25,12
SCAP|22937,PTPN23|25930,1.9,10
SCRIB|23513,CPSF1|29894,1.9,8
SETD1B|23067,EP400|57634,1.85,8
SNX3|8724,ATG5|9474,1.95,8
SRP54|6729,SCFD1|23256,1.9,9
THAP7|80764,DGCR6L|85359,2.1500000000000004,10
TUBGCP6|85378,BRD1|23774,1.7,8
ZNF276|92822,TAF1C|9013,1.7,8
ZNF581|51545,RPS5|6193,2.1,10
CPSF4|10898,ARPC1A|10552,2.0,9
ENY2|56943,DCAF13|25879,1.9,9
LY86|9450,AIF1|199,1.75,10
MDP1|145553,CHMP4A|29082,1.65,8
MRPS31|10240,EXOSC8|11340,1.7,9
NCKAP1L|3071,CYBB|1536,2.1,9
PPAN|56342,FARSA|2193,1.8,8
PRMT5|10419,APEX1|328,2.0,10
PSMD10|5716,MORF4L2|9643,2.3,8
RASAL3|64926,ARHGAP9|64333,1.75,8
RIF1|55183,PRPF40A|55660,1.8,9
RPL10A|4736,EEF1B2|1933,1.9500000000000002,8
RPL3|6122,EEF2|1938,1.8,11
RPL37|6167,RPL32|6161,2.0,9
RPL37A|6168,RPL31|6160,2.2,10
RPS18|6222,RPL12|6136,1.9,8
RPS5|6193,RPL28|6158,2.0,11
RPS6|6194,RPL7A|6130,2.2,9
RPS8|6202,RPL31|6160,1.9,8
RPS8|6202,RPS7|6201,1.9,10
SASH3|54440,IKZF1|10320,1.85,10
SCO1|6341,C1QBP|708,2.0,9
RPL30|6156,EIF3H|8667,2.3,12
RPL30|6156,EIF3E|3646,1.85,8
UQCRB|7381,COX6C|1345,2.65,10
TAGLN|6876,CNN1|1264,2.25,8
PABPC1|26986,EIF3E|3646,2.25,8
RPL7|6129,EIF3H|8667,2.1,9
EIF3K|27335,COX6B1|1340,2.0,9
RPL35A|6165,RPL32|6161,2.25,8
SPI1|6688,HCK|3055,2.0,8
USP33|23032,PKN2|5586,1.9,9
CCNC|892,ATG5|9474,2.1,9
NDUFA13|51079,NDUFA11|126328,2.1,8
POLR2K|5440,MRPL13|28998,2.0,11
RPRD2|23248,ASH1L|55870,2.2,8
RPS27A|6233,RPL37A|6168,1.95,8
RPS5|6193,RPL18|6141,2.4,10
MRPL13|28998,DCAF13|25879,1.8,9
RPL24|6152,RPL14|9045,2.45,10
HAVCR2|84868,CD86|942,2.2,9
MRPL4|51073,CLPP|8192,1.85,8
PRR12|57479,CNOT3|4849,1.85,8
RPS9|6203,RPS3|6188,2.2,9
SDF2L1|23753,CRELD2|79174,2.4,10
RPA3|6119,PSMA2|5683,1.8,8
RPL23A|6147,RPL23|9349,1.8,9
RPL5|6125,DPH5|51611,1.7,10
RPS3|6188,RPS14|6208,2.0,9
SET|6418,ANP32B|10541,1.8,8
UQCR11|10975,NDUFA13|51079,2.1,8
RPS15A|6210,RPL10A|4736,2.0,8
RPS18|6222,RPL32|6161,2.0,10
RPS9|6203,RPL36|25873,1.9,9
TAF2|6873,RAD21|5885,2.1,10
TAP1|6890,HLA-E|3133,1.9,9
ENY2|56943,COX6C|1345,1.7,8
GIMAP8|155038,GIMAP1|170575,2.05,10
NGDN|25983,APEX1|328,1.9,8
NKTR|4820,FNBP4|23360,1.95,8
LAIR1|3903,C1QB|713,1.9,9
PAN3|255967,N4BP2L2|10443,1.9,8
RPS2|6187,RPL13|6137,2.3,8
TMED2|10959,ARL1|400,2.0,8
TRAPPC1|58485,PSMB6|5694,1.95,8
VTA1|51534,HBS1L|10767,2.1,10
CCL4|6351,CCL3|6348,1.7,8
GIMAP6|474344,FLI1|2313,1.9,8
RPL6|6128,RPL4|6124,2.1,8
TRAPPC5|126003,GADD45GIP1|90480,2.1,8
RPL8|6132,RPL30|6156,2.05,8
TYROBP|7305,LY86|9450,1.9,8
NRAS|4893,GNAI3|2773,1.8,8
RPL18A|6142,RPL10A|4736,1.7,8
RPS8|6202,RPLP0|6175,1.9,8
RPSA|3921,RPL29|6159,1.8,9
RPL35|11224,RPL29|6159,1.9,8
RPS19|6223,RPL13A|23521,2.05,8
RPS8|6202,RPL32|6161,1.95,10
GPAA1|8733,EXOSC4|54512,1.75,8
RPL14|9045,RPL12|6136,1.85,8
RPN2|6185,PIGT|51604,1.7999999999999998,8
UQCRQ|27089,COX7C|1350,2.2,9
RPS15|6209,LSM7|51690,1.85,8
POLR2K|5440,ENY2|56943,1.9,9
